venue,year,paper_type,title,authors,arxiv_ids,speaker,scheduled_date,scheduled_time,duration_minutes,session_name
QIP,2026,regular,Uncloneable Encryption from Decoupling,Archishna Bhattacharyya;Eric Culf,2503.19125,Archishna Bhattacharyya,28 January,13:00,20,
QIP,2026,regular,A Quantum Approach For Reducing Communications in Classical Secure Computations with Long Outputs,Jiayu Zhang,2310.05213,Jiayu Zhang,27 January,15:00,20,
QIP,2026,regular,Fault Tolerance by Construction,Benjamin Rodatz;Boldizsár Poór;Maximilian Rüsch;Aleks Kissinger,2506.17181,Benjamin Rodatz,30 January,15:00,20,
QIP,2026,regular,Parallel Repetition for Post-Quantum Arguments,Andrew Huang;Yael Tauman Kalai,2506.02277,Andrew Huang,29 January,15:00,20,
QIP,2026,regular,Quantum circuit lower bounds in the magic hierarchy,Natalie Parham,2504.19966,Natalie Parham,28 January,13:30,20,
QIP,2026,plenary_short,Few Single-Qubit Measurements Suffice to Certify Any Quantum State,Meghal Gupta;William He;Ryan O'Donnell,2506.11355,William He,28 January,10:00,30,
QIP,2026,regular,Unified Framework for Quantum Code Embedding,Andrew C. Yuan,2507.05361,Andrew C. Yuan,26 January,16:30,20,
QIP,2026,regular,High-Temperature Fermionic Gibbs States are Mixtures of Gaussian States,Akshar Ramkumar;Yiyi Cai;Yu Tong;Jiaqing Jiang,2505.09730,Akshar Ramkumar,27 January,13:00,20,
QIP,2026,regular,On the Cryptographic Foundations of Interactive Quantum Advantage,Kabir Tomer;Mark Zhandry,,Kabir Tomer,27 January,16:30,20,
QIP,2026,regular,Catalytic z-rotations in constant T-depth,Isaac Kim,2506.15147,Isaac Kim,28 January,14:00,20,
QIP,2026,regular,Causal decompositions of 1D quantum cellular automata,Augustin Vanrietvelde;Octave Mestoudjian;Pablo Arrighi,2506.22219,Augustin Vanrietvelde,26 January,13:30,20,
QIP,2026,regular,Fourier Spectrum of Noisy Quantum Algorithms,Uma Girish,,Uma Girish,26 January,14:00,20,
QIP,2026,regular,Efficient and simple Gibbs sampling state preparation of the 2D toric code via duality to classical Ising chains,Pablo Páez Velasco;Niclas Schilling;Samuel O. Scalet;Frank Verstraete;Ángela Capel,2508.00126,Pablo P´aez Velasco,26 January,15:30,20,
QIP,2026,regular,Random Unitaries in Constant (Quantum) Time,Benjamin Foxman;Natalie Parham;Francisca Vasconcelos;Henry Yuen,2508.11487,Benjamin Foxman,26 January,13:30,20,
QIP,2026,regular,Can effective descriptions of bosonic systems be considered complete?,Francesco Arzani;Robert Booth;Ulysse Chabaud,2501.13857,Ulysse Chabaud,27 January,13:00,20,
QIP,2026,regular,Tile codes,Vincent Steffan;Shin Ho Choe;Nikolas P. Breuckmann;Francisco Revson Fernandes Pereira;Jens Niklas Eberhardt;Zijian Liang;Yu-An Chen,"2504.09171,2504.08887",,,,,
QIP,2026,regular,Unfolded distillation: very low-cost magic state preparation for biased-noise qubits,Diego Ruiz;Jérémie Guillaud;Christophe Vuillot;Mazyar Mirrahimi,2507.12511,Diego Ruiz,27 January,15:00,20,
QIP,2026,regular,Obfuscation of Unitary Quantum Programs,Miryam Mi-Ying Huang;Er-Cheng Tang,2507.11970,Miryam Mi-Ying Huang,29 January,16:30,20,
QIP,2026,plenary_short,A Constant Rate Quantum Computer on a Line,Craig Gidney;Thiago Bergamaschi,2502.16132,Thiago Bergamaschi,26 January,11:00,30,
QIP,2026,regular,Optimal quantum simulation of linear non-unitary dynamics,Guang Hao Low;Rolando D. Somma,2508.19238,Guang Hao Low,27 January,15:00,20,
QIP,2026,regular,Quantum Lifting for Invertible Permutations and Ideal Ciphers,Alexandru Cojocaru;Minki Hhan;Qipeng Liu;Takashi Yamakawa;Aaram Yun,2504.18188,Alexandru Cojocaru,29 January,16:00,20,Merged slot
QIP,2026,regular,Quantitative Quantum Soundness for Bipartite Compiled Bell Games via the Sequential NPA Hierarchy,Xiangling Xu;Igor Klep;Connor Paddock;Marc-Olivier Renou;Simon Schmidt;Lucas Tendick;Yuming Zhao,2507.17006,Xiangling Xu,27 January,13:30,20,Merged slot
QIP,2026,plenary_long,Group Order is in QCMA,François Le Gall;Harumichi Nishimura;Dhara Thakkar,2504.05547,Harumichi Nishimura,27 January,09:00,60,
QIP,2026,regular,Universal quantum computing in two dimensions without getting tied in knots,Julio Magdalena de la Fuente;Margarita Davydova;Andreas Bauer;Mark Webster;Dominic Williamson;Benjamin Brown,"2503.15751,2505.05175",Julio Magdalena de la Fuente,30 January,15:30,20,
QIP,2026,regular,Complexity of mixed Schatten norms of quantum maps,Jan Kochanowski;Omar Fawzi;Cambyse Rouzé,2507.08358,Jan Kochanowski,26 January,14:30,20,Merged slot
QIP,2026,regular,Distributed Quantum Advantage for Local Problems,Alkida Balliu;Sebastian Brandt;Filippo Casagrande;Xavier Coiteux-Roy;Francesco d'Amore;Barbara Keller;Massimo Equi;François Le Gall;Henrik Lievonen;Augusto Modanese;Dennis Olivetti;Marc-Olivier Renou;Jukka Suomela;Gustav Schmid;Lucas Tendick;Isadora Veeren,"2411.03240,2504.05191",Isadora Veeren,30 January,09:30,20,
QIP,2026,regular,Symmetric localizable multiparty quantum measurements,Jef Pauwels;Cyril Branciard;Alejandro Pozas-Kerstjens;Nicolas Gisin,"2509.01851,2509.01852",Jef Pauwels,26 January,14:30,20,
QIP,2026,regular,Trading Mathematical for Physical Simplicity: Bialgebraic Structures in Matrix Product Operator Symmetries,Yuhan Liu;Andras Molnar;Xiao-Qi Sun;Frank Verstraete;Kohtaro Kato;Laurens Lootens,2509.03600,Yuhan Liu,30 January,10:00,20,
QIP,2026,regular,Entanglement sharing schemes,Alex May;Zahra Khanian;Dongjin Lee;Debbie Leung;Zhi Li;Takato Mori;Stanley Miao;Farzin Salek;Jinmin Yi;Beni Yoshida,,Zhi Li,27 January,16:00,20,
QIP,2026,regular,Sum of Squares Spectral Amplification,Robbie King;Guang Hao Low;Dominic Berry;Qiushi Han;Eugene DePrince;Alec White;Ryan Babbush;Rolando Somma;Nick Rubin,"2505.01528,2502.15882",Robbie King,27 January,16:00,20,
QIP,2026,regular,Quantitative quantum soundness for all multipartite compiled nonlocal games,Xiangling Xu;Matilde Baroni;Igor Klep;Dominik Leichtle;Marc-Olivier Renou;Ivan Šupić;Lucas Tendick,,Xiangling Xu,27 January,14:00,20,Merged slot
QIP,2026,regular,Gap-preserving reductions and RE-completeness of independent set games,Laura Mančinska;Pieter Spaas;Taro Spirig;Matthijs Vernooij,2505.05253,Laura Manˇcinska,26 January,15:30,20,
QIP,2026,regular,Entanglement theory with limited computational resources,Lorenzo Leone;Jacopo Rizzo;Jens Eisert;Sofiene Jerbi,2502.12284,Lorenzo Leone,27 January,14:00,20,Merged slot
QIP,2026,regular,MIPco=coRE,Junqiao Lin,,,,,,
QIP,2026,regular,Information-Computation Gaps in Quantum Learning via Low-Degree Likelihood,Sitan Chen;Weiyuan Gong;Jonas Haferkamp;Yihui Quek,2505.22743,Yihui Quek,27 January,15:00,20,
QIP,2026,regular,The firewall paradox is Wigner's friend paradox,Ladina Hausmann;Renato Renner,2504.03835,Ladina Hausmann,30 January,13:00,20,
QIP,2026,regular,Continuous-Variable Quantum MacWilliams Identities,Ansgar G. Burchards,2502.09514,Ansgar G. Burchards,26 January,15:30,20,
QIP,2026,regular,Efficient Learning Implies Quantum Glassiness,Eric Anschuetz,2505.00087,Eric Anschuetz,27 January,16:30,20,
QIP,2026,regular,A Meta-Complexity Characterization of Minimal Quantum Cryptography,Bruno Cavalar;Boyang Chen;Andrea Coladangelo;Matthew Gray;Zihan Hu;Zhengfeng Ji;Xingjian Li,,Boyang Chen,27 January,15:30,20,
QIP,2026,regular,"On One-Shot Signatures, Quantum vs Classical Binding, and Obfuscating Permutations",Omri Shmueli;Mark Zhandry,2507.12456,Omri Shmueli,29 January,15:30,20,
QIP,2026,regular,Tight and self-testing multipartite quantum Bell inequalities from the renormalization group,Paolo Abiuso;Julian Fischer;Miguel Navascues,2503.03878,Paolo Abiuso,29 January,15:00,20,
QIP,2026,regular,Quantum Computational Entropies,Noam Avidan;Thomas A. Hahn;Rotem Arnon;Joseph M. Renes,"2505.13710,2506.14068",Thomas A. Hahn,27 January,14:00,20,Merged slot
QIP,2026,regular,Parent Lindbladians for Matrix Product Density Operators,Yuhan Liu;Alberto Ruiz-de-Alarcon;Georgios Styliaris;Xiao-Qi Sun;David Perez-Garcia;Ignacio Cirac,2501.10552,Yuhan Liu,27 January,13:30,20,
QIP,2026,regular,Cyclic quantum causal modelling with a graph separation theorem,Carla Ferradini;Victor Gitton;V. Vilasini,2502.04168,Carla Ferradini,26 January,14:00,20,
QIP,2026,regular,"Cloning Games, Black Holes and Cryptography",Alexander Poremba;Seyoon Ragavan;Vinod Vaikuntanathan,2411.04730,Seyoon Ragavan,30 January,13:30,20,
QIP,2026,regular,The abelian state hidden subgroup problem: Learning stabilizer groups and beyond,Marcel Hinsche;Jose Carrasco;Jens Eisert,2505.15770,Marcel Hinsche,29 January,13:00,20,
QIP,2026,regular,The Jacobi Factoring Circuit: Quantum Factoring in Near-Linear Gates and Sublinear Space,Gregory D. Kahanamoku-Meyer;Seyoon Ragavan;Vinod Vaikuntanathan;Katherine Van Kirk,2412.12558,Seyoon Ragavan,29 January,13:00,20,
QIP,2026,regular,Quantum Advantage from Sampling Shallow Circuits: Beyond Hardness of Marginals,Daniel Grier;Daniel M. Kane;Jackson Morris;Anthony Ostuni;Kewen Wu,,Jackson Morris,30 January,10:00,20,
QIP,2026,regular,Computational aspects of the trace norm contraction coefficient,Idris Delsol;Omar Fawzi;Jan Kochanowski;Akshay Ramachandran,2507.16737,Idris Delsol,26 January,14:30,20,Merged slot
QIP,2026,regular,Heisenberg-limited Hamiltonian learning continuous variable systems via engineered dissipation,Tim Möbus;Andreas Bluhm;Tuvia Gefen;Yu Tong;Albert H. Werner;Cambyse Rouzé,2506.00606,Tim M¨obus,27 January,15:30,20,
QIP,2026,regular,Quantum Computing Enhanced Sensing,Richard R. Allen;Francisco Machado;Isaac L. Chuang;Robert Huang;Soonwon Choi,2501.07625,Richard R. Allen,27 January,16:00,20,
QIP,2026,regular,Two bases suffice for QMA1-completeness,Henry Ma;Anand Natarajan,,Henry Ma,26 January,16:30,20,
QIP,2026,regular,The NPA hierarchy does not always attain the commuting operator value,Marco Fanizza;Larissa Kroell;Arthur Mehta;Connor Paddock;Denis Rochette;William Slofstra;Yuming Zhao,,Yuming Zhao,28 January,13:00,20,
QIP,2026,regular,Efficient Quantum Optimization via Dynamical Simulation,Ahmet Burak Catli;Sophia Simon;Nathan Wiebe,2502.04285,Ahmet Burak C¸ath,26 January,14:00,20,
QIP,2026,regular,Adversarially robust quantum state learning and testing,Maryam Aliakbarpour;Nai-Hui Chia;Vladimir Braverman;Yuhan Liu,2508.13959,Vladimir Braverman,29 January,13:00,20,
QIP,2026,regular,Fast quantum computation with all-to-all Hamiltonians,Chao Yin,,Chao Yin,26 January,14:30,20,
QIP,2026,regular,Quantum Codes with Addressable and Transversal Non-Clifford Gates,Zhiyang (Sunny) He;Vinod Vaikuntanathan;Adam Wills;Rachel Yun Zhang,"2502.01864,2507.05392",Adam Wills,27 January,16:30,20,
QIP,2026,regular,Optimal Distillation of Qubit Clocks,Sujay Kazi;Iman Marvian,,Sujay Kazi,27 January,13:00,20,
QIP,2026,plenary_short,Constructive counterexamples to the additivity of minimum output Rényi entropy of quantum channels for all p>1,Harm Derksen;Benjamin Lovitz,,,,,,
QIP,2026,regular,Quantum Circuit Complexity of Matrix-Product Unitaries,Georgios Styliaris;Rahul Trivedi;J. Ignacio Cirac,2508.08160,Georgios Styliaris,29 January,16:30,20,
QIP,2026,regular,The Sponge is Quantum Indifferentiable,Gorjan Alagic;Joseph Carolan;Christian Majenz;Saliha Tokat,2504.16887,Saliha Tokat,29 January,16:00,20,Merged slot
QIP,2026,regular,Bounding the asymptotic quantum value of all multipartite compiled non-local games,Matilde Baroni;Dominik Leichtle;Siniša Janković;Ivan Šupić,2507.12408,Dominik Leichtle,27 January,14:00,20,Merged slot
QIP,2026,regular,Computational relative entropy,Johannes Jakob Meyer;Asad Raza;Jacopo Rizzo;Lorenzo Leone;Sofiene Jerbi;Jens Eisert,,Lorenzo Leone,27 January,14:00,20,Merged slot
QIP,2026,regular,Efficient Learning Algorithms for Structured Bosonic and Fermionic Unitary Operators,Marco Fanizza;Vishnu Iyer;Junseo Lee;Antonio A. Mele;Francesco A. Mele,2504.11318,Vishnu Iyer,27 January,16:30,20,
QIP,2026,regular,Fast and Error-Correctable Quantum RAM,Francesco Cesa;Hannes Pichler;Hannes Bernien,2503.19172,Francesco Cesa,29 January,13:00,20,
QIP,2026,regular,Non-iid hypothesis testing: from classical to quantum,Giacomo De Palma;Marco Fanizza;Ryan O'Donnell;Connor Mowry,,Marco Fanizza,30 January,15:00,20,
QIP,2026,plenary_long,Representations of f-Divergences and their role in Quantum Hypothesis Testing,Salman Beigi;Hao-Chung Cheng;Christoph Hirche;Po-Chieh Liu;Marco Tomamichel,"2501.03799,2507.07065",Christoph Hirche,29 January,11:00,60,
QIP,2026,regular,On quantum to classical comparison for Davies generators,Joao Basso;Shirshendu Ganguly;Alistair Sinclair;Nikhil Srivastava;Zachary Stier;Thuy-Duong Vuong,,Thuy-Duong Vuong,26 January,16:00,20,
QIP,2026,regular,Efficient implementation of sequential quantum processes with group symmetry,Dmitry Grinko;Satoshi Yoshida;Mio Murao;Maris Ozols,,,,,,
QIP,2026,regular,"Long-range nonstabilizerness and quantum codes, phases, and complexity",Fuchuan Wei;Zi-Wen Liu,2503.04566,Fuchuan Wei,30 January,09:30,20,
QIP,2026,regular,Universal work extraction in quantum thermodynamics,Kaito Watanabe;Ryuji Takagi,2504.12373,Kaito Watanabe,30 January,11:00,20,
QIP,2026,regular,Extractors: QLDPC Architectures for Efficient Pauli-Based Computation,Zhiyang (Sunny) He;Alexander Cowtan;Dominic J. Williamson;Theodore J. Yoder,2503.10390,Zhiyang (Sunny) He,29 January,15:00,20,
QIP,2026,plenary_long,Quantum channel coding with a few code lengths,Hao-Chung Cheng;Po-Chieh Liu,2507.06232,Hao-Chung Cheng,29 January,11:00,60,
QIP,2026,regular,An Improved Quantum Algorithm for 3-Tuple Lattice Sieving,Lynn Engelberts;Yanlin Chen;Amin Shiraz Gilani;Maya-Iggy van Hoof;Stacey Jeffery;Ronald de Wolf,,Lynn Engelberts,30 January,13:00,20,
QIP,2026,regular,A complete theory for the Clifford commutant and its applications,Lennart Bittel;Jens Eisert;Lorenzo Leone;Antonio A. Mele;Salvatore F.E. Oliviero,"2504.12263,2507.22883",Lorenzo Leone,26 January,14:00,20,
QIP,2026,regular,Tight relations and equivalences between smooth relative entropies,Bartosz Regula;Ludovico Lami;Nilanjana Datta,2501.12447,Bartosz Regula,30 January,13:30,20,
QIP,2026,regular,Efficient Non-Adaptive Quantum Algorithms for Tolerant Junta Testing,Zongbo Bao;Yuxuan Liu;Penghui Yao;Zekun Ye;Jialin Zhang,2508.17306,Zongbo Bao,30 January,11:00,20,
QIP,2026,regular,Universal classical-quantum channel resolvability and private channel coding,Takaya Matsuura;Masahito Hayashi;Min-Hsiu Hsieh,,Takaya Matsuura,30 January,09:00,20,
QIP,2026,regular,Universal Fault Tolerance with Non-Transversal Clifford Gates,Benjamin Anker;Milad Marvian,,Benjamin Anker,29 January,13:30,20,
QIP,2026,regular,Strong converse exponent of channel interconversion,Aadil Oufkir;Yongsheng Yao;Mario Berta,,Mario Berta,30 January,09:30,20,
QIP,2026,regular,Quantum advantage from soft decoders,Andre Chailloux;Jean-Pierre Tillich,2411.12553,Andre Chailloux,27 January,13:00,20,
QIP,2026,regular,Infinite temperature at zero energy,Matteo Ippoliti;David M. Long,2509.04410,David M. Long,30 January,14:00,20,
QIP,2026,regular,Derandomised tensor product gap amplification for quantum Hamiltonians,Thiago Bergamaschi;Tony Metger;Thomas Vidick;Tina Zhang,,Tony Metger,30 January,16:00,20,
QIP,2026,regular,Quantized Markov chain couplings that prepare Qsamples,Kristan Temme;Pawel Wocjan,2504.02651,Kristan Temme,26 January,16:30,20,
QIP,2026,regular,A distillation-teleportation protocol for fault-tolerant QRAM,Alexander M. Dalzell;András Gilyén;Connor T. Hann;Sam McArdle;Grant Salton;Quynh T. Nguyen;Aleksander Kubica;Fernando G.S.L. Brandao,2505.20265,Alexander M. Dalzell,29 January,14:00,20,
QIP,2026,regular,Partial trace relations beyond normal matrices,Pablo Costa Rico;Michael M. Wolf,2507.18278,Pablo Costa Rico,26 January,13:30,20,
QIP,2026,regular,Quantum Gibbs states are locally Markov,Chi-Fang (Anthony) Chen;Cambyse Rouzé,2504.02208,Chi-Fang (Anthony) Chen,27 January,14:00,20,
QIP,2026,regular,Improving quantum communication rates with permutation-invariant codes,Sujeet Bhalerao;Felix Leditzky,2508.09978,Felix Leditzky,30 January,10:00,20,
QIP,2026,regular,A convergent sum-of-squares hierarchy for compiled nonlocal games,David Cui;Chirag Falor;Anand Natarajan;Tina Zhang,2507.17581,David Cui,27 January,13:30,20,Merged slot
QIP,2026,regular,Evidence that the Quantum Approximate Optimization Algorithm Optimizes the Sherrington-Kirkpatrick Model Efficiently in the Average Case,Sami Boulebnane;Abid A. Khan;Minzhao Liu;Jeffrey Larson;Dylan Herman;Ruslan Shaydulin;Marco Pistoia,,Sami Boulebnane,27 January,13:30,20,
QIP,2026,regular,Efficiently learning depth-3 circuits via quantum agnostic boosting,Srinivasan Arunachalam;Arkopal Dutt;Alexandru Gheorghiu;Michael de Oliveira,,Arkopal Dutt,26 January,15:30,20,
QIP,2026,regular,Exponential improvements to the average-case hardness of BosonSampling,Ishaun Datta;Adam Bouland;Bill Fefferman;Felipe Hernandez,2411.04566,Ishaun Datta,30 January,11:00,20,
QIP,2026,regular,Composable logical gate error in approximate quantum error correction,Lukas Brenner;Beatriz Dias;Robert König,,Lukas Brenner,30 January,09:00,20,
QIP,2026,regular,"Quantum oracles, weak and strong",Ewin Tang;John Wright;Mark Zhandry,"2507.23787,2508.00055",Ewin Tang,30 January,09:00,20,
QIP,2026,regular,The Compressed Oracle is a Worthy (Multiplicative) Adversary,Stacey Jeffery;Sebastian Zur,2509.07876,Sebastian Zur,30 January,13:30,20,
QIP,2026,regular,Dequantization and Hardness of Spectral Sum Estimation,Roman Edenhofer;Atsuya Hasegawa;Francois Le Gall,,Roman Edenhofer,29 January,13:00,20,
QIP,2026,regular,Topological Quantum Spin Glass Order in qLDPC codes,Benedikt Placke;Tibor Rakovszky;Nikolas P. Breuckmann;Vedika Khemani,"2412.09598,2412.13248",Benedikt Placke,29 January,15:30,20,
QIP,2026,regular,Tour de gross: A modular quantum computer based on bivariate bicycle codes,Eddie Schoute;Theodore J. Yoder;Patrick Rall;Emily Pritchett;Jay Gambetta;Andrew W. Cross;Malcolm Carroll;Michael E. Beverland,2506.03094,Eddie Schoute,29 January,16:00,20,
QIP,2026,regular,All pure multipartite entangled states of qubits can be self-tested up to complex conjugation,Ivan Šupić;Maria Balanzo Juando;Andrea Coladangelo;Remigiusz Augusiak;Antonio Acin,2412.13266,Ivan ˇSupi´c,29 January,15:30,20,
QIP,2026,plenary_short,Quantum precomputation: how to parallelize cascade circuits and the Moore–Nilsson conjecture is false,Adam Bene Watts;Charles R. Chen;J. William Helton;Joseph Slote,,is false,27 January,10:00,30,
QIP,2026,regular,An Area Law for Metastable States,Thiago Bergamaschi;Chi-Fang (Anthony) Chen;Umesh Vazirani,,Thiago Bergamaschi,30 January,15:00,20,
QIP,2026,regular,An Algorithmic Polynomial Freiman-Ruzsa Theorem via Stabilizer Learning,Srinivasan Arunachalam;Jop Briet;Davi Castro-Silva;Arkopal Dutt;Tom Gur,"2505.13134,2509.02338",Davi Castro-Silva,26 January,16:00,20,
QIP,2026,regular,Quantum Spin Chains Thermalize at All Temperatures,Thiago Bergamaschi;Chi-Fang (Anthony) Chen,,Chi-Fang (Anthony) Chen,26 January,17:00,20,
QIP,2026,plenary_long,Multi-qubit Toffoli with exponentially fewer T gates,David Gosset;Robin Kothari;Chenyi Zhang,,Robin Kothari,28 January,09:00,60,
QIP,2026,regular,Learning quantum Gibbs states locally and efficiently,Chi-Fang (Anthony) Chen;Anurag Anshu;Quynh Nguyen,2504.02706,Chi-Fang (Anthony) Chen,26 January,16:30,20,
QIP,2026,regular,Local transformations of bipartite entanglement are rigid,Can Bostanci;Tony Metger;Henry Yuen,2509.05257,John Bostanci,30 January,13:00,20,
QIP,2026,regular,Lieb-Robinson bounds with exponential-in-volume tails,Ben McDonough;Chao Yin;Andrew Lucas;Carolyn Zhang,2502.02652,Ben McDonough,30 January,15:30,20,
QIP,2026,regular,Better completeness for QMA,Scott Aaronson;Stacey Jeffery;Freek Witteveen,2506.15551,Freek Witteveen,26 January,17:00,20,
QIP,2026,regular,Is it Gaussian? Testing bosonic quantum states,Filippo Girardi;Freek Witteveen;Francesco Anna Mele;Lennart Bittel;Salvatore Francesco Emanuele Oliviero;David Gross;Michael Walter,,Filippo Girardi,30 January,11:30,20,
QIP,2026,regular,Umlaut information,Filippo Girardi;Aadil Oufkir;Bartosz Regula;Marco Tomamichel;Mario Berta;Ludovico Lami,"2503.18910,2503.21479",Filippo Girardi,30 January,15:30,20,
QIP,2026,plenary_short,Constant-Overhead Addressable Gates via Single-Shot Code Switching,Louis Golowich;Kathleen (Katie) Chang;Guanyu Zhu,,Louis Golowich,29 January,10:00,30,
QIP,2026,regular,Quantum generalizations of Glauber and Metropolis dynamics,Chi-Fang Chen;Csaba Czabán;Joao F. Doriguello;András Gilyén;Balázs Kabella;Michael J. Kastoryano;József Mák;Zoltán Zimborás,2405.20322,Joao F. Doriguello,26 January,17:00,20,
QIP,2026,regular,Pauli tomography at your fingertips,Jayadev Acharya;Abhilash Dharmavarapu;Yuhan Liu;Nengkun Yu,"2502.18170,2507.22001",Abhilash Dharmavarapu,30 January,13:00,20,
QIP,2026,regular,Average-case quantum complexity from glassiness,Alexander Zlokapa;Bobak T. Kiani;Eric R. Anschuetz,,Alexander Zlokapa,30 January,11:30,20,
QIP,2026,regular,Less is More: On Copy Complexity in Quantum Cryptography,Prabhanjan Ananth;Eli Goldin,,Eli Goldin,28 January,13:30,20,
QIP,2026,regular,Quantum simulation of a noisy classical nonlinear dynamics,Sergey Bravyi;Sergiy Zhuk;Mykhaylo Zayats;Robert Manson-Sawko,,Sergiy Zhuk,26 January,13:30,20,
QIP,2026,regular,Classical Simulations of Low Magic Quantum Dynamics,Kemal Aziz;Haining Pan;Michael Gullans;Jedediah Pixley,2508.20252,Kemal Aziz,29 January,13:30,20,
QIP,2026,regular,Fast Simulation of Fermions with Reconfigurable Qubits,Nishad Maskara;Marcin Kalinowski;Daniel Gonzalez-Cuadra;Mikhail Lukin,2509.08898,Nishad Maskara,30 January,15:00,20,
QIP,2026,regular,Quantum matrix arithmetics with Hamiltonian evolution,Christopher Kang;Yuan Su,,Christopher Kang,27 January,15:30,20,
QIP,2026,regular,The Complexity of Thermalization in Finite Quantum Systems,Dhruv Devulapalli;Timothy Connor Mooney;James Watson,2507.00405,Dhruv Devulapalli,30 January,13:30,20,
QIP,2026,regular,A log-depth in-place quantum Fourier transform that rarely needs ancillas,Gregory D. Kahanamoku-Meyer;John Blue;Thiago Bergamaschi;Craig Gidney;Isaac Chuang,2505.00701,Gregory D. Kahanamoku-Meyer,28 January,13:30,20,
QIP,2026,regular,A New Quantum Linear System Algorithm Beyond the Condition Number and Its Application to Solving Multivariate Polynomial Systems,Jianqiang Li,,Jianqiang Li,30 January,16:30,20,
QIP,2026,regular,Quantum algorithms for Uhlmann transformation,Takeru Utsumi;Yoshifumi Nakata;Qisheng Wang;Ryuji Takagi,2509.03619,Takeru Utsumi,29 January,15:30,20,
QIP,2026,regular,"Quantum error correction beyond SU(2): spin, permutation-invariant, and bosonic codes from convex geometry",Arda Aydin;Victor Albert;Alexander Barg,,Arda Aydin,30 January,09:30,20,
QIP,2026,regular,Efficient Quantum Hermite Transform,Siddhartha Jain;Vishnu Iyer;Rolando Somma;Ning Bao;Stephen Jordan,,Vishnu Iyer,29 January,16:00,20,
QIP,2026,regular,Optimal lower bounds for quantum state tomography,Thilo Scharnhorst;Jack Spilecki;John Wright,,Thilo Scharnhorst,29 January,13:30,20,Merged slot
QIP,2026,regular,Fast-forwardable Lindbladians imply quantum phase estimation,Zhong-Xia Shang;Naixu Guo;Patrick Rebentrost;Al´an Aspuru-Guzik;Tongyang Li;Qi Zhao,,Zhong-Xia Shang,30 January,15:30,20,
QIP,2026,plenary_short,Compressed Permutation Oracles,Joseph Carolan,,Joseph Carolan,27 January,11:00,30,
QIP,2026,regular,Polynomial-time tolerant testing stabilizer states,Srinivasan Arunachalam;Arkopal Dutt,2408.06289,Arkopal Dutt,30 January,11:00,20,
QIP,2026,regular,Approximate Quantum Error Correction with 1D Log-Depth Circuits,Guoding Liu;Zhenyu Du;Zi-Wen Liu;Xiongfeng Ma,2503.17759,Guoding Liu,30 January,10:00,20,
QIP,2026,regular,Layer codes as partially self-correcting quantum memories,Shouzhen Gu;Libor Caha;Shin Ho Choe;Zhiyang He;Aleksander Kubica;Eugene Tang,,Libor Caha,27 January,15:30,20,
QIP,2026,regular,Inverse Nonlinear Fast Fourier Transform: Closing A Chapter in Quantum Signal Processing,Hongkang Ni;Rahul Sarkar;Lexing Ying;Lin Lin,2505.12615,Hongkang Ni,28 January,13:00,20,
QIP,2026,regular,Batched high-rate logical operations for quantum LDPC codes,Qian Xu;Hengyun Zhou;Dolev Bluvstein;Madelyn Cain;Marcin Kalinowski;John Preskill;Mikhail D. Lukin;Nishad Maskara,,Nishad Maskara,29 January,16:30,20,
QIP,2026,regular,A Dobrushin condition for quantum Markov chains: Rapid mixing and conditional mutual information at high temperature,Ainesh Bakshi;Allen Liu;Ankur Moitra;Ewin Tang,,Ewin Tang,30 January,14:00,20,
QIP,2026,regular,Free mutual information and ergodicity in operator space,Shreya Vardhan;Jinzhao Wang,,Shreya Vardhan,30 January,16:00,20,
QIP,2026,regular,An infinite hierarchy of multi-copy quantum learning tasks,Jan Nöller;Viet Tran;Mariami Gachechildaze;Richard Kueng,,Jan N¨oller,29 January,14:00,20,Merged slot
QIP,2026,regular,Parallel Spooky Pebble Games and Regev's Factoring Algorithm,Gregory D. Kahanamoku-Meyer;Seyoon Ragavan;Katherine Van Kirk,,,,,,
QIP,2026,regular,Fault-tolerant protocols through spacetime concatenation,Yichen Xu;Arpit Dua,2504.08918,Arpit Dua,30 January,16:00,20,
QIP,2026,regular,Hamiltonians and random unitaries,Laura Cui;Liang Mao;Fernando Brandao;Hsin-Yuan Huang;Thomas Schuster,,Laura Cui,28 January,14:00,20,
QIP,2026,regular,"Haar random codes attain the quantum Hamming bound, approximately",Fermi Ma;Xinyu Tan;John Wright,,Fermi Ma,26 January,16:00,20,
QIP,2026,regular,Mechanisms for Quantum Advantage in Global Optimization of Nonconvex Functions,Dylan Herman;Guneykan Ozgul;Anuj Apte;Junhyung Lyle Kim;Anupam Prakash;Jiayu Shen;Shouvanik Chakrabarti,,Dylan Herman,26 January,14:30,20,
QIP,2026,regular,"Quantum Relative Entropy Decay Composition Yields Shallow, Unstructured k-Designs",Nicholas Laracuente,,Nicholas Laracuente,30 January,16:00,20,
QIP,2026,regular,Average-Case Hardness and Reducibility of Decoding Quantum Stabilizer Codes,Andrey Khesin;Jonathan Lu;Alexander Poremba;Yihui Quek;Akshar Ramkumar;Peter Shor;Vinod Vaikuntanathan,,Jonathan Lu,27 January,16:00,20,
QIP,2026,regular,Nonlocality of Quantum States Can be Transitive,Kai-Siang Chen;Gelo Noel M. Tabia;Chung-Yun Hsieh;Yu-Chun Yin;Yeong-Cherng Liang,2412.10505,Kai-Siang Chen,29 January,16:00,20,
QIP,2026,regular,The debiased Keyl's algorithm: a new unbiased estimator for full state tomography,Angelos Pelecanos;Jack Spilecki;John Wright,,Jack Spilecki,29 January,13:30,20,Merged slot
QIP,2026,regular,A Quantum Time-Space Tradeoff for Directed st-Connectivity,Stacey Jeffery;Galina Pass,,Galina Pass,30 January,11:30,20,
QIP,2026,regular,On the optimization of quantum divergences,Gereon Kossmann;René Schwonnek;Mario Berta;Mark M. Wilde,"2404.17016,2410.16362,2411.04858",Gereon Koßmann,27 January,13:30,20,
QIP,2026,plenary_short,"Single-Shot, Universal Protocols via Code Switching",Michael Gullans;Yifan Hong;Min-Hsiu Hsieh;Ting-Chun Lin;Shi Jie Samuel Tan,,Shi Jie Samuel Tan,29 January,10:00,30,
QIP,2026,regular,Universal tradeoff relations between resource cost and irreversibility of channels: General-resource Wigner-Araki-Yanase theorems and beyond,Hiroyasu Tajima;Koji Yamaguchi;Ryuji Takagi;Yui Kuramochi,2507.23760,,,,,
QIP,2026,regular,Gluing Random Unitaries with Inverses,Prabhanjan Ananth;John Bostanci;Aditya Gulati;Yao-Ting Lin,,Aditya Gulati,28 January,14:00,20,
QIP,2026,regular,Breaking the Treewidth Barrier in Quantum Circuit Simulation with Decision Diagrams,Bin Cheng;Ziyuan Wang;Longxiang Yuan;Ruixuan Deng;Jianxin Chen;Zhengfeng Ji,2509.08276,Bin Cheng,29 January,14:00,20,
QIP,2026,regular,When Quantum Nonlocality Does Not Play Dice \&\\ No Bound Randomness in Quantum Nonlocality,Ravishankar Ramanathan;Yuan Liu;Yutian Wu;Stefano Pironio,2408.03665,Ravishankar Ramanathan,29 January,16:30,20,
QIP,2026,regular,Quartic quantum speedups for community detection,Alexander Schmidhuber;Alexander Zlokapa,,Alexander Zlokapa,30 January,14:00,20,
QIP,2026,plenary_short,Strong random unitaries and fast scrambling,Thomas Schuster;Fermi Ma;Alex Lombardi;Fernando Brandao;Hsin-Yuan Huang,,Thomas Schuster,27 January,11:30,30,
QIP,2026,regular,Hardness of recognizing phases of matter,Thomas Schuster;Dominik Kufel;Norman Y. Yao;Hsin-Yuan Huang,,Thomas Schuster,30 January,09:00,20,
QIP,2026,regular,Hamiltonian Decoded Quantum Interferometry,Alexander Schmidhuber;Jonathan Z Lu;Stephen Jordan;Alexander Poremba;Noah Shutty;Yihui Quek,,Alexander Schmidhuber,27 January,14:00,20,
QIP,2026,regular,Optimising quantum data hiding,Francesco Anna Mele;Ludovico Lami,,Francesco Anna Mele,30 January,11:30,20,
QIP,2026,regular,Exponential Advantage from One More Replica in Estimating Nonlinear Properties of Quantum States,Qi Ye;Dong-Ling Deng;Zhenhuan Liu,,Qi Ye,29 January,14:00,20,Merged slot
